asset-01.jpg	https://cdn.tailwindcss.com?plugins=forms,container-queries
asset-02.jpg	https://lh3.googleusercontent.com/aida-public/AB6AXuBn0RU6RHdRDQn1Ih1NxwwNdvwiCAOGkPPlYNBPWmwLDneiFMjFoCGv1HhaprtN2Wq6yNEXoqHlSHBvNWNqSRlzNF0wq3ud_JEPqZeYyW9VN5pxLD97qz3S5qjv24lg3KcnyvN3UWU1iTRAONXOJ84iHyfrCgI0E_v1v60fMeGYmHAIfPhebeLmPQzlPOuxCNehMnDiHfnxLNx0y0I1sECew7M62NC0X-TGiz5zjLzDdZLFRTwzD8wepv3vTnIvKSnv-52CZy2Z6v37
asset-03.jpg	https://lh3.googleusercontent.com/aida-public/AB6AXuBzHK-QcOeNcHae6p_eASE7RZ0H7PLi0T2UeTBLXbUCv6zqX0ajCK4lVD-0mUmRaPlQmGv8Nsdt7pOftK34hM2dIzXip54I3SsRSphnYwsIqb1n7LAQsx7mBRaMeq3dUFix6qLTohCxK1awkFvQxVRP0wOu1bodaX_h4XDkOWON2Hmj7j4KVq8EtvXM2_BmBl9bRT4Nn580z1E4ONvjQ5Sg15-7yMfEJgIotFZZlbikA6zI2-JYKhk65HLwB_Lo7IlXxjDPJlOyHC-V
asset-04.jpg	https://lh3.googleusercontent.com/aida-public/AB6AXuCvPamU7jiQneHPnfiwBxu2MHNld6Ebf2Rs6lNW-SD9N2SK3-D8TEEeF8bOcKi2AX25Zo1YS_NF1t4pJrH96cxoTdc7wkfVrjIEQUwO4DKhyWL2eKynmbG9CG6jDWZGNDmc_GA0X8gCPUK2ZxJzQrMhjYxKt6gzha0dVJNmH80sef7507MOCWWWGCzh-DznMrUDPGLkdjLN-GIcv_MgJhbhHmChgr5Vs9vXTos5JttXL7xqKSEVeCoSGyfWFG0yCoZx3EmxfxpXqJBR
asset-05.jpg	https://lh3.googleusercontent.com/aida-public/AB6AXuDjxuQ_KvFqqsj-2zMfVJKCvI4mB7gHzv7UPJX40hIlJqr9Uy_rNCSuOHR75maG2BSqMgObEA15H6Q1ixr3kJyBTXKMLKA4Gdb3JrJldNdY-2OtTPbGZ_Rl0jd_Snj4WBn5cW1R405Nbz-eCs47X3FSil9oCf2-4viQSMES_2LSh0Bf-rz38BmYflLwMbiJY23BccXbOpv5XgaHYUsC_dsIQ2_m7TiHy92Jsjd8-ZyLasIPNfffHfMrHeZ9xA0rS_RIQfhJEWGI-fjE
asset-06.jpg	https://lh3.googleusercontent.com/aida-public/AB6AXuB50KmCHB89NaTPZQsVxhQPCRJ4OHlXGT72hkVESlf6AFE6vnY8fWqn8h3E6fAvTWzDVVU6OcAgf2Qiyz4w8bJGEmpCrjqGzfgfkpkGbOmUE23OD658apTIwV2F9e0AavkfzdgZDQJW9jBJV7353B08gkf_H5w4KH80WQYVSQweM7bc4xdMxwKhIbbSjI7nrmsG3ZbsPfv4LwP4TkMpUC3OG3GIyIixE1w8xRPXCVrDR1-lIMqivj5kDrquhZIzh5-xTsQHxyjl6DG0
asset-07.jpg	https://lh3.googleusercontent.com/aida-public/AB6AXuDzZY5pXmkclPKSc1JR0_rBvb6Zg4HIfcWyM7o86-tZkTqwgXYjw3b1o8ml4erfeZTnfk9lUFUmgBPfUaMSC9vY7h4hNWiGuImk1d90V2w1jv2LRF_3Y2TtzVoW8euJe8pg9hD5K2KphYcC7WI5w_tkr71j8Wl-RUHkpyj-VJI8tlWubR7jdShA1zN252cj_r18KwOfdhysyldtqSJyXLp-z9wUpjhIv-3ToilRRxIQiPFT-aG9YjgJ-2gM8eE134J6WBORkqr-ByFd
asset-08.jpg	https://lh3.googleusercontent.com/aida-public/AB6AXuBtuB9sW3vXiV25GB68IxwRNka-RwkQRtBPT3bfpddz4jtb9ouIjj0LcOvjiCz--PH0iFpYuSZThsCoJn9YgIjhqYXKR4oGPsUc1onki-ByoOVS1ECZ_2zeTj5pr8N2CVlNLEaaubu8YIcen0cZMze_1BeYuygJcDkDlkf3KRwVHKWM3XuIu_UEXaQ52uvpGN5J0HLSJyFOrYEUGfa2I7Rm7PCwcEf5h8aH4_REgqmt924_X0VRiQixzKSvi0qFctmL_KeMUxjV_YoG
asset-09.jpg	https://lh3.googleusercontent.com/aida/ADBb0ui6V9zzyB4MNf1rkl8FSeDYx7wdtSNqUnVtsDRBnF7m6Bm2xv1c9cei2iBwq--0YevGWP600KQiCnARZ0qbN3BbDpsq9rLJbM9u7CxzIubVV7j4UJ_VAenBj3FbY3pJXADLV7n-iwxY_6KV5vXVj-tMg6SmaNRqK1uFTlh6zQuMseA5j0vx_O8rIdVlxJZCoBfGPPHZaMGfyjVOJMWDzXq-vXlqXL5ibTstet_Bixy65lzgyZG525dMQ3wA
asset-10.jpg	https://lh3.googleusercontent.com/aida-public/AB6AXuAyi9SpMX1ob2mdKn6w91N2kAb5FTd-dYVd6zsseEEckEtnSsGWwf1O0TZyBEbNIj6aCxKTh6OeaEEoNBfotgHc9wxXINH0G4Ck6tubYV8ISiGHgxhllpaKwIFTEhA3DQIYiMFpj38x_egL3i-0kSLlVZBhqPbfAYypXTV_fo6D3Z64Uk2etJsNoFavmHzPWH7Yc5k0spmfhfcZfdYR7qEg8kPl6_Cc_jMY3aKHkGKitl4Lij1P6Kx6gW6_cvJci8NNQz1kAewkbezi
asset-11.jpg	https://lh3.googleusercontent.com/aida/AP1WRLs3jqGtaJ57B8CpZdgMXv8BGzeQrNEjm7lZG2tBjRKbaB6GqqCrle-o-9KyJhzYfwA3tasfv8XjCQ3LJ6Pu_xgEbH2NTT9aSlbN7ygvflqlp0Z6_jvSO5AIq59G7XvjVFOqA0xI4E040IU6xRnb-7JsKOT3x9MsfWtsz60Lyuslc_bhucC_UiVh9I6_I5idxG5BW-nrqF-cx_AmJfjt4Jr2Nmh-g9g235BN5QesE6FUcmFg5Tp9jlXtkDk
asset-12.jpg	https://lh3.googleusercontent.com/aida/ADBb0uhP0o64t-KWO9eMvDt4HqwbnvkkigtE39j5ymnzcDG0vrcP6PwRlKme3EbbDeI2VZS4-j_gPaDxuYc26hHTnYn7DS17eW0EKZn5haiRsJz57tDEF4JqvWbsbwxncHk_S9bT228JwvFdaxXEw7Hp3Ud7-KAddwsSdTjMAREdu8rwLqAIh8XoVs41WeWIyQTJ3-5_O_mk17XaAlzgtOzi-7iyx50q0_K_lmxucq55sllTPCp3LA8zlcTNyQWH
asset-13.jpg	https://lh3.googleusercontent.com/aida/ADBb0ugFItBA9x7OAUKdgutAERYcRDXXmuTMAVATLPKQYLJxcQYIFB-Qh-k0HrPrORhfxJtFvH449jA16UoieXkaAIf1zUEgt5t8upqPFdEUSihtNLAIbsIC3I806sQOuJ2MpU5XnyG57_Vxxs7VBIdKe8cuSiOfMLGKSl3ZHkrpBryTfc2eHux8JIXaw_QQys8uRi2tyjafTRDvmkKdzPQUJwQJhyy8CScXK4dxP-Glf0ZEIGnqvqXhcFon4BAD
asset-14.jpg	https://lh3.googleusercontent.com/aida-public/AB6AXuD9CRjdo1b2HtTFrqfZ4ItdeX-VFdPvPilQ5Uz5zIjJ0TrmNcIxGJkzg71wpxDK1p-QkT-MLTpP6C6bUZsmrQ1EDEOkSTyaqjuWgZzDqKpzlGKKUnUed6VxozwOp_YqfT7NSyOOzOq90JYEZD8dKNxhyR_C4exTDXdBqDU7aiemWtetAchuyWS_aKYIENCCwZ7XTVQuA97EBopSWmznw8bOC2RofkKUZiWCyRJcw-bxyDTEm3ReKZRy6Yk0R4qx_5MpOaTkO01I8OUG
asset-15.jpg	https://lh3.googleusercontent.com/aida-public/AB6AXuCVGNXB5kXL8cbY4_9gtWgfY9RlKjvgSBdlT6Q94S1VKdVSA0qsPsqrX9uEpls0cF1fBBPZZZB-0YjRO0I7ecrNDuSwHn5_37b_vEIYNa9Zq4p-r_gurQCkmVywZURklFr1QX5PmOtz2Qr20jqiqi-yOhnkCvHuUEAEI8OtlvBUMWreqsi47QLRoVbr1jKprFcMXiuDMIwA-0dnkqn_UDu5dcON5Zq_FWXNgx6KNJVxL4X1WHFHyltBFjHcdwpAh8BMWap2YVYKZGEk
asset-16.jpg	https://lh3.googleusercontent.com/aida-public/AB6AXuARLZ_tV84YQ_BZxWsNHt5npSd8Ef_f0Z3-LZ417259f4HSGSdYl4othka2Y_DObJF5HW95FZepB5DttiZ6OztiBzAsgbxhaZZWeSzWJrA8YN6lLzKLUYfqSZRt3OsG1F3MtqVdeuw5DhQvadh_5SNB_-AxzpXd2RHZPwWO1hneSWG9Gn0PqP5rrNzjy_8eAdNHmEFADvPsKA8bwJCMqYv2wjd5FCQJ3-K_5vzDGB976gjsNIfspQTwswne-r75kpBNcaujdTBboU8C
asset-17.jpg	https://lh3.googleusercontent.com/aida-public/AB6AXuAqa6NQ5Xk-D7SErgj1O0cCjhXMa4YSR6-bSHK67eRJDdPNaWejUY87BhU_E0Qd7pdWIfSPegAPaMCmTBQTnBFuKLudXnOY7S8puhBFs_Rm1RV2RsYcBQYXlL3ztf0-DYIGGYb3YpEKPxtsQhjvdvwjHoQwo1U94L35cpwBJhpqiKS0gsiD9nOVQwumUWtcqpwRCF_mI6Nmh95sMjCM4CqnlF8CbgiS0bYcv8bqQMOKL1RZfvSmoXgm5QVD9Xy-ZJScPeXSFNd636Nn
asset-18.jpg	https://lh3.googleusercontent.com/aida-public/AB6AXuA2k_8v-M-9I-zuGAhJ_pe35aNPV8W3X1gb5Q0sYIVpdKzOzq6GWk1Hmcw7vgymTgdbGxieBl4fw4dCZvUsXiXn2JRMCnZ5MbFfeWeaozs4aZLzp8h4rp8bIjSYhnGIcXDRQj5tT2SaNjzUf5r_Jsp9t_uVtEjcWLU4jMkKeNzXJMmzSEH-j8fQy64zZe1a-sxMbWfTwbjUglxn0zv54mDaYK7jzaqf2WmdWg4P-7TLNk910XJhUQiMHh0XundgwiiYNUEv56p3Fbhm
asset-19.jpg	https://lh3.googleusercontent.com/aida-public/AB6AXuA60svth7jFmhrjLTl5_ZHxdtSH97p5gyXFOaaBy1-j4JasTTPB1Ip2_RDtXl9deObIDRSFrN-NUof7KZcPIkiitjb5zYHMvpsXf4LiFtJJcdVxLdU9puBdrHtdtc_uRR8z0Dl7lMQ6RDiBxSHB68e6bXjYUTs813z0tY4cpONUfN5eth40fjhgVBtazUgTn6ntlEqR33VhnMNf2ss6sV88m2yKUFby3KBOeC06iIFxidvW0RYJSFR19NgG3szzRJZKK-DLMsubb6Wo
asset-20.jpg	https://lh3.googleusercontent.com/aida-public/AB6AXuAJQv0wbCqtSk7QrPwFD_4kAihXrHDvu6TUKKwXwFpYSwg4dXIRfCpztCVG5JxwhGyP4-ohJ8_1uWgUxx0AODXbOlv4TeWMpSQNSLYMuN5pGQ5VegHe5CTKCvmqqOOu_x-iRvn1Rtotn7JgoP4w0dJ42Z1FF4LaMX2Tto9DmMJHRTj8sm8A7iVh-uf_eOkmq2t6SttGqW-3mZxX5-QmCA0OEFfBu0L7d7Im1g6W-rzLC7lWRMJjAUQGtXIobY_Y7SJy9FWy_7RMUDWs
asset-21.jpg	https://lh3.googleusercontent.com/aida-public/AB6AXuBl5PD1Ai0W9R9XF1WHHpBrGML3MqsYVl8iujj8nU78cZFn6lF6bmtoX0-GKS8WfcBLsgqA6XwGFD_KhyRRjwTKZWLc5yDiAW3x8xENTqEadtjoBeWIWTlc5zqv-aDn5DeF4-v6HM5zLUHLPPc1gcrIvS4skvm3UVixvBSIvdFGRuxa9BogLRUcC4xS4JMYkTaOfmlVraHfyLkCNKXs2ccWBmGXi99mI8KJF8cnVfZyG2bA6nx9S4qYLaoq7PwgHNE_iJy-S0P5uEwO
asset-22.jpg	https://lh3.googleusercontent.com/aida-public/AB6AXuCWUS1ijOZS40lO4NuhcxCbIHllO1sfyl7YMCLKiV7815qpi0_M0b_QGu18r58UfEz7U-FTbL7NNJpb7VUFx2p2uHCDgpZgLulLrDWo5bqbvXlYA_N341KxLjLvN6Blt_UDWJV2pInhcfaOmcoV4A7GZwsOI1Nb_Cg8S6sRcwAvWbYlJ4issabQamsK-R99rKBEqBijjIcpJJeLJlKvcoEfhqTIwfI2trvQb3cDLFVo__2aDZhi6zEXIBnAAtoBM3SoEjvh3fmyvzLi
asset-23.jpg	https://lh3.googleusercontent.com/aida-public/AB6AXuAu5_VkIfl_aYCyOpx1di2NXNHJBhrNYjPOzvZGjq4mZDLHf2Fmxm3lRBnysyjT8k6-Gx2FWC4kRKxk5FpaJLLRu921TUhMF86cuc8RZBrJTMEKHru1H3RRiUjin5uSIHjDAjZa1naU93SNIxf9DVXEBm9e0Xvwb2lYz-JJlzDOJP3pGvABVnJbOyUaSWNgbWBtMZb6VWuwJLyYiCdeIlGVq69Wf86jysGswNIMIcd-A1a7rHJAFVRIgkMYkEm4Vb-FC78PdIgYuEK5
asset-24.jpg	https://lh3.googleusercontent.com/aida-public/AB6AXuDJDPbSMlr5IIjOl0yaF_C7rC-6pYCX_qKCueZPr0oKXmPsCp66gbHHphpbrKJv11qEuxZd8knSHr_fpS35qeqI7VccCxVcUDCctNs1Te_FpnXHQND-pglFnptTfWS8vsymNXU3zUGRZxFXrG1POr_cHZUYThYGhFEe7EU2gvuG2AQ4CtqKLjIuaw71fpfia5kYYLGicfdVYgLo_pYYQz1NNiK167W0ehdNr05jMStXxHFDu6bjHmkNg4UVP_HO960AjPuZl-Q_kdTR
asset-25.jpg	https://lh3.googleusercontent.com/aida-public/AB6AXuAn579YcyZdZpxkNEfSKOGZ6T9Txz9QnTF-ViGLvE2wtTl-z8ddTlVdxvAVSxohMbdEZe_K9nNFxJR0B7igPgweujDZjWuiayy3NK32-SMCzXOABXKw061oB2nCdPMUf82deKZwI9PX69IATww1ekDJ8Wmz_BDD6VZbh3piXXpa3pQqyqqUfgJBGqc5JF6eu-JNSsk0S6Z6J-lO-NFLwHsViWvUJzMjsHc4FziZA3Yw2Qk4te_l2e2qBghspJ4hLyUbFbOEaN-rBChw
asset-26.jpg	https://lh3.googleusercontent.com/aida-public/AB6AXuBFpb5atiGeMJWOzs-ehgEWdYF1puSZpVsL_fc-wLFZr3jwFRpelxvIHcaoqDIvoc2lxYApjoQSBeehMLkL3C8xbDXUuZObSpNenUNuC45UofDSedSGIQ3IOgVEESzYgJuvWkLDSYjLoB_HX4TQ4TcwVh61zXNAC-rMCu-JsUQXKYLgW8_K5gkKMmGBrQAQ7JmJbxoJ3BDnOd212F6JhGM7FZJnz8yQMpI7WBIaKQZNc6jFdEImiLBQltW1urFeG6FyjHJAQSYMccIy
asset-27.jpg	https://lh3.googleusercontent.com/aida-public/AB6AXuAhW81a0mVSt5m_qiPgnVpHtlqWueZzzQ5TvAMfGlhD9xnOq0CXQURF1ODYf_-6Oxzaw17Dvuf7AXuEoqB-4lCrH6SuoSqwOUamxlV6azgX-d5w0xGjLegwWgxTZj8es3lR_OFBdzYzW4HSrWjt0d2fQ1uC5Vg2o6OQ8YQIMrcIg6dwqo58CthVc8UM7FADtrOl4odxFuLhSvwWiVL6X--vjvDwF6DWaNL6ac3hMDLNCWcUu12yyQRXEu219ds6x4rRHeAxS-JgwcLI
asset-28.jpg	https://lh3.googleusercontent.com/aida-public/AB6AXuCs7Y10TtNO99hi1RhGmCqxqQ_iJqrxHRvhTBwQmOeWqA7G4AdFSdGT9cUiBAe1-SlYDL52ldwe57u9U-QjsbctTwBa99FamPsI1iPoi7mcVNhWdXaEw2VnAT4o9b1fqQkvqFlMH9g44pTEdp6D7l0w4llop6dBz9Bda71O9ypZ6Sx0PhY-7kYTv9G2vGkilwYCccxE8xaZ4qx6G0IXyNcfIGtoCJ-ULm5gxoBeoBjJ1W8xtxMbffBHGWG9dV7P8ZO2i7YG9AU875yE
asset-29.jpg	https://lh3.googleusercontent.com/aida-public/AB6AXuB5SwIjbjlpAmwYGx-siP_hI0kLbtPFgSaYhMjUl3IrHwrXmg5yGGvyocPH_dpBp6hyauv6NeI0Qa5EKSBA06sX7jAu0zV9LEJHFnYdTy7BQ9ZywOUurW-uXFYwHK2SOUsjIe-UqMxwr2Te-LPV-SWcIVn7yuoqGdwnfFFs9XDRsytcRMCQBI2UNyuHdyLDHljW9XGEjKFrAw9k0bhQ4xUc933l7LUUzhGdqvPlbSLuIpLjbSSKn9mera40ebBeo2MuI1Z8ROdEF9S0
asset-30.jpg	https://lh3.googleusercontent.com/aida-public/AB6AXuA3g6lSaDR3sgowPKCL9nY0r7HxMz9nLxpHbZ39QFN7XGqpvYzbbAye8k06OZm4ACAE2kja0QY1OkONBWzrs_JmVw6ggDSBAeYJB4GzJeDe-wNmtSSK87gA7XHL97pm5-ENPYQpGPd62ZuQfw0GyGhSl4yJ9NxwG982S3Ggb0tzhXOJXsnxXk3uawPamECNrKV-cbddaMG7kEVrLXriXXOm3NeY6YW7Aw4o_SAZgynu6s5W-ZCYJMbEWIhUw1W75esIz1CmKYwn0NxT
asset-31.jpg	https://lh3.googleusercontent.com/aida-public/AB6AXuBrCnKUyFarozYPhCqmgZS87U8BJvDGhYscIwGLW89jcRbkwPurRTkJY2GV51chTpObUNsdWC7IdIPfMrppf3bNYs7J9R8cdIxEc4QghTGxR62Ut3JjI4_GKvN2AStsUzWkTuomFNN81ugiGIKXdlJ_kq5i5qXhNs4Ri5MqnGBxa-Ih0DMXmMc0zNf0slwTE-D0VRzkwD8Ngo0_6xGGOY1lY6y-OdKQXcmR35p6tk8wTAhVI6Cpfrp2wrp7lc1kmzT17xUHBUBXkB3R
asset-32.jpg	https://lh3.googleusercontent.com/aida-public/AB6AXuB-jWC2NIfgoV8iwK0py-0EwphTXxxfSJXGBBNT8upRJx4R9vpZIttQMfo3BoCc_u6OjUPLKWK6y8P5f5tWjSGeZNsQfnBTaF4YiUlxACNDH72y6nCvhLZWczHpamp3NSSPlX12jIUkfBqV9GcWrCU6Bsh25i8UZJeo1rlFIm16rQAJp8Ap_5ALFgluxUtnBr9cXmyXBT-Iol0rGb5rlbE_stGl24FtyHXTvLQkoWQUbWmUC3MtSqhNgCaGqU2UYmCK7AvR5JZh3CT6
asset-33.jpg	https://lh3.googleusercontent.com/aida-public/AB6AXuC24iQS9W6e5y22pDJn3asPJHmV7MPH2WyOq6MSeyxxKREb0-a-sbHETCxPZo-eoCI1LrSGpZE3SH_BlwYZ4euwhqLUOjV34lJ52p7bFT6chaU_mTL_LCwaaar0M1tTuBkznYxoILYA0WAJ7aUleqIncgb5aEub0iSDStFWqqEYt4TEobUF1NA5G3J70XucYd19pnnBvofgJ8CbJsygXtzROu2lCgGxQmPjPiuqeLhOY2zx8zXW6gYlXiqJbSouK9pZfF7XAOtP8EU4
asset-34.jpg	https://lh3.googleusercontent.com/aida-public/AB6AXuB1EIKyJELiURkrFnWhPHcuaKUJ-KsZXMfIibH90r4Zh9OvlgZDTUDxQ1zjw2HuCDqnKVEmk4nTU4wrkJl_lNAuIAZjyF2gSq43ow0oIqAViRciq1tD2pMed0PZwBbjXZekAW5aGPTf33HDDGN2duAoz18yOSytFEzG-fgGk6TUdaFTOrbD-z2f9jDuqetAHhl-Py1T6aONlzrvEVvgN3bVmjYHl6IGdy8grJDus65ru-CdZgU5V2NtyKd_XEPdcI86myMStYn4zkpU
asset-35.jpg	https://lh3.googleusercontent.com/aida-public/AB6AXuD5ekiSB75e_voefAZrI2zrybPHycmasbM0dFwQpmOE2kPXTBoJ5W3jXBe1ifAXYLneHMVeRMHCZa0hK70pqs1I5xQTC5n0jhvrcIBTbS_v2sFc1JQ3inZzv04rTq2jTgzcZmCmF9LIwi4I5w3LOUsyK6gJJZyagaukuEDoqAKpAuK1KeH7WiEJAOM7twEoigoKPIlDlaeHbIaYz309C-ZtEXfEvNzLTrJRB5RD8NXnBAERpfDsQiGY-Quzu0MyGT_qhKWs3Os3MkI4
asset-36.jpg	https://lh3.googleusercontent.com/aida-public/AB6AXuCqxAxs6bN7AnEXhoh2QZixEoIVMfTwDtCf9A4OOt9vYO01lO9OvQPPNLq30hwY4tZFpvPQYXyWtB1G_c-7Ec_NDHW3GSCugPpasZlODnDNkWDQLk0Zidjv0qklDIsX-azQChz9A71QG00aZaU-F6Ez28SR-UybBR0hCVAtHDoIeaU6P0ltcs0Qh8-axRwR50ZjSz5aeFMmW3su360ouspSpFznH_XEAE8I6bHtKLr1-YT0XN7FLy9hIiz3FrI-_Yw1HDKYCGd_xp0R
asset-37.jpg	https://lh3.googleusercontent.com/aida-public/AB6AXuCft3vuFZTk5g4dUamMX271kizRiOvBQ0iBVMJkxotHv63DHhnDSAAF6_hBs1m_PBcNpftT4CbetRV-3P5oyLdsVTCxSawupFR2gQcjI70-t0pKJDvP3DjTcM0mMhX0JnMxebi7ty2cZhs27lzJbAolzV2BhWrVDPOW_oeDkqgj1hMPYfiWgnhgDZMuuoJLuX6izbYxkCGwZiQIf8NWmLHnv5tW6TMH-O23cZcErTKKM3NhwcS4rwFChJGEQ4Rt50jGGE0NZSFAqQH4
asset-38.jpg	https://lh3.googleusercontent.com/aida-public/AB6AXuBMR1uL5pSLE7MbSSJkyf-Et6u19PPoF-jTDxOMncDHt4K56S3UFTkbw36jZHa0_gLCB3fgpOqit-1mbU69unqAbp03AstDqMG3s81Cy6K2rplNl9EndwO9pEj98kZVgROEnK0ljOCPuYOOgkpv9rti-6X6LIHSe__S47Qop8vQ25vtU_3DsBFVWltkzL-bgFc6ZKoF_CEK2--gE97OOsmRmFTKaz4CJL3E7whbF48tpW_bYp2VM3F1vjGWeeeR56jflMIDjfm1b6Xm
asset-39.jpg	https://lh3.googleusercontent.com/aida-public/AB6AXuBCcsJtFVTMNYVzMqhZ-GQOSERDCW_6RtqAhV_AL0HNU4pWMV2YEawB-UYhyrpQQiX6_4YpmX6-z4heYIlTCg1Ou9A2EnH2lNI5MfBmPNWYdrHWIb4BJ4iyWpteD9O3n3HzVCizj7jM8PGB432T-3tOiSyDUrDhqu9gEGVeqsqUyWIDKiOx6kBJbEK6s1Juo5Go3SRxQYt2JmO1lNkMlsY7SXN0VnW-tmudDu_W6Uzo1mS0eaqqii2pD3esT6dLJEzO_5F3VNCXqQ9n
asset-40.jpg	https://lh3.googleusercontent.com/aida-public/AB6AXuChLO7HJgOgcahJJpWbnR_AbUlwmHOCO4qRm4ih6oCDKOcdPabduXbz8oIfh9fP1KsHO7WQeHKOW8wNh1uXYRLpMqPqZ-ADb_pNtC6ylyrAvFk_vw7py0EfQCZZf9VvJmReIXPpoCd-i-Cp5xDpOxI1jMEK0QtjtsA_xgjZ9WVDCAbRsvzmV4P1x2-mgCyiP_ac1qSDwRf-6iFcvWWUgRHbLfpO6B3gfdxskqyp8Ct5zVko5mULkoJ5Yy3JWoYS-nLEltulBbWPdswU
asset-41.jpg	https://lh3.googleusercontent.com/aida-public/AB6AXuBalhp-6f2YKc_IfdLR1B0ruZTHBtm9u51j3TdEnoKs6JervpuNsHIZPi4_XLNy0hemWljGbkZJqYdRFTnDiBaJU_urECHd3cZAxk4yk_jHbeRArenq4q7GkmPFHT9vZ3xPcKFI6JjwxtDxb_oXuteLkcGylqz02cRc15M2pJLkt0YEpLDqhgLlN306HSFdOnSyZnswzR-5DUCxTt2ClCUX-fP08n_UTzgpkL5eX7C5cfx_F-WvQLixn9PbvtdO0V7Kd_WhWWvQdUQC
asset-42.jpg	https://lh3.googleusercontent.com/aida-public/AB6AXuC6DYgp3PTOqmIMMUd-txF2-re17CHQj7e7rAhpVOEGlKbvZ_jZ41M6nt_GA2aD2OPeuYnLgmCr3jTxBjLR4zT267wRDt9Arka00kyrmEzU_mAPucX5a9HtW56sm5F0_lrQyez6KXQvzoGkjGzRq8ri52OePws1Srq9Nf6VMZNHeBy1_awl6NWM-5yCCK5r4ijzGCQEPEVDxvnymj7KpMLV22e3siA9ajgZblJbqMIKockeaWflyWxk1QqkGSflcNxjksgp_l31FIYU
asset-43.jpg	https://lh3.googleusercontent.com/aida-public/AB6AXuBPo4sDiJYKxLH4nydP_fcohrOwg_lO0dpH2DhM_Sx8Il4eOERmdLKUnMb7ssXZfpa5GAFOrr8655eAehyuQuA2No-CKmA3ZHB9BaK18DX_60xvAXHytHmMNWB_EwfD-r0qZD4AWdJrtH0v-dPV2Q1oujAImA6TcJPORl-LbvrOtFwItIRmchrThkamp5zVku1nyFfpXN2Gj7VWFst6126W7jO6cdJovhMdnd_a3It1Open1rZx0rhnKMF6NjftW5yeQkQu9xvmi9Au
asset-44.jpg	https://lh3.googleusercontent.com/aida-public/AB6AXuAdGd9ar8p-SvcGa_KWYyRD9Af_4ciNg_9fr9gRXenmlERo5hbESPVNfsWYMdKdgoaQyI__tVm8eRJ3glY11RUhjowXu5De4kfTGxfCONk3RPOCCSK-r-xgpNXs1Cbt28hwohLiBqt867JEaTl2K6ZUVQG5Tky6mMb6m6R8S78HqXJ1cDPwvUxQRUQAs0o_D-1DoB4w8Cmujnv2degl_DF-Kyn69Qn-O552PSaaQ5XiIPY9Ayk6mjY0dZ8S2tvA8iAz49HELjpaCFNJ
asset-45.jpg	https://lh3.googleusercontent.com/aida-public/AB6AXuBq1UVDFWRH4EkpFrGEfXZOcIAVObjjpMY4NdYg4bKrduHdNtvC-g3EibOF_kvcjIQWT6iM1IBnht7y1IgMGnzbTfemzv0S3G58Bz4XTHPWCxosXY6h6JexJml9qVrD0zuKCfT3iGvwtHBUSDteDEzEyaPDwloKL1V7Z9u-HI59DOhuiG2ewEDba8g1ctI1bQ093hONyhZlr3GpJJlaHb92zocMjzxpQoGEXv52FAXa_L5i34mZ1TqUiDjkVGQU-1SHm2fnjc03h6oN
asset-46.jpg	https://lh3.googleusercontent.com/aida-public/AB6AXuCxwL1E4s95dqUqXC4ASZVuv6OVdRHSduqQA6Ns01bwJG2aKpggOg-ms4-R6XS2WsbgC20lqFWi8Vrt2zT3A06btcPUJeh81e4vIcAdEOoyqUZVa67v5KjBqzDn6_u5VYcf_ytXw92yko4WHI1x8OPE_OUAgOjV3KvAFv86UaVIim1t8dIZNwQnfR9jmNGe5TTWfZXSz5h1MBg5KN82pRM_3hOFNIBrLmjImOpNtdm9WDMQw1y6Z1En4E3M6vO0DDJs1mk1kzaHz0dV
asset-47.jpg	https://lh3.googleusercontent.com/aida-public/AB6AXuCk2RlUhor7X5GDPaltRREImdPhRJe33bMKiGuNaAdIMdiVoUgCSHO0Y2mjv6Wxazd1cJTJC_Qb-ZTondqyj8iiFHzNGhswqDuQQft-cvMZMTS-osHvN8I-WrfiT1ieVdZZlRzVQTwivg-YZrUmDL1_xLx2kjKOng-si5lOaXb7H7gSCHj1BCVxjrg17DLp53tS8ynjQmfHIQoo5xLa4K88DSbbgBn-Jl4cQ16vf14YFtMA8rng0G7pP3H5O_ShnT3jWUI1XtUbd6c_
asset-48.jpg	https://lh3.googleusercontent.com/aida-public/AB6AXuCpQVotswW-a5PqBsQcSdWq48_Eg0f_vhBiFX0DI7M88vwRzTH60HCy6I71wBwvePXayUltXRwLQ7GPJrh7d76SF41BLzckhmd8PW5hIZ87ZF3aHS3Hpd6S1ViVQNJj4j2NnR79fkIF1CIYWoLrtSKzbss0R0wcgW-GYq9lHuNxLV425LsRrUzOn4B2M3GuHGvN58TE8P5rNi8vvL7T_PqMd-qqyfAzVd2FvLETYvzYck-N33Q6GjzZVhtNsFuaOnZltmE3gpMzsraN
asset-49.jpg	https://lh3.googleusercontent.com/aida-public/AB6AXuCFTrVe7L9dy1-Pvh9PIe4QeqmQ6IBhgnPMcSp9TpsuDzdw2R1LwnIigo8v0uUL27n505fyu8AS0_fLMBZnyHNBRGq27e-fhJbzuNNO4ryeaoNc7e8pe38abcKfrWcJkHphl4iNuWsLBa4Wq9LBIBC5ciqa2KkVdfmGJQxL8FNPtaY3Udrbwoxo0HhMdxICm_vmild7PW1HVr9ZNPVOI2QCLhtC2hd6Y-nOhkqJ0VUSkkNaX7qFyFtTFkAPamFwYGEBrjQACBM_tbqg
asset-50.jpg	https://lh3.googleusercontent.com/aida-public/AB6AXuBTnEboJSS7QnuBzQeFfmEc7jRQeSUloxnYqOYQe-cS72_vnWX37r-Q1SZFkUgWVxzdnZqiBoV2N5n-sFovducFZ3HmBt2GSRbwPrxLtcTycm27avAu8Me6Co06ctBJElNuOq7XWuJXeei_aQTY18Ga0Qe1sX6A8mz2jcRhOS4TZ3dLZZ2r3BPm3Bf5v32JEO_qW7MFXDeeWgufkzkRnE6HChclBBXvwEWwVdG1WOImpQMaA7OuNSRp-P-7VzkqozZvrxu2Nr68-0Mf
asset-51.jpg	https://lh3.googleusercontent.com/aida-public/AB6AXuBwTGAhVCmy-uxxsX6JYBz6a3UPQVxymNR-X4Z6JODHfu7_rA1K0ukDRqBOKbGvYikIHuc6TNPDU9CoYl4Kno8DE1n2pzzkH08TaPaSSihzFJtYZPBoeuUUuYVScfwVHm0EQJIxjQNqDIBHbrmPVpKD1w5jUEYZ-LMfx6sU-jiY3aJyM8bUiTnc6sgVWFYZkSsEdAIMK4Lqly0BjCUH9Zlz7WkjJDsMXLj3AD2CDUX8TDFDrsmGWndkltXZaavRJb1vTV35mmdqLvKk
asset-52.jpg	https://lh3.googleusercontent.com/aida-public/AB6AXuDwp9OxWT3b_xO-Ut4wJ7LDTi98LAfH2WFHDXcsdNaeFMKreNF2oKdgcB1niMBsv5WF-kEGaFZSMd_El3nHqdmEmLSFylmn2FM00c7lKKSIBHcF-X9zdTclGl4s6JNlW-347dlJInPx6C0ZSJ1TgOKVGUPgCUZ_0Q-3NoY3n-3qMudo7bFSx4GneMx-JH2p9W8EMKsJ9BJyJI0RbzAOe6k_9AvK96KKixJfIWuSO8Zr7gTbTKYoCMS4JoinzyNJZjrD-oDVvGdh8VY1
asset-53.jpg	https://lh3.googleusercontent.com/aida-public/AB6AXuCOq7oPa7hyWuCjNNlJ8MV0AfReBOZWF0Ge9VClAsY2hgZRt8VvTY1JPEISOD2WhHeE51HFiDbIUnReklqdCcUI1kVWPd1giqj7MItuMpN47vSxGz-cTzplC3ffDxOt72Jhx48IcND498TG4vh_p_BemN2jFaeYqWHfkV2N6qxO3QWXy7phpFBSplDzxXhSC3hNjMJ4IMnngWC4mPpeStZetP5vpXpB9bfZua_ZSJ7jnpeoz7ScuiD0dFIm0v9WyV4Wl9KJmEP16dPI
asset-54.jpg	https://lh3.googleusercontent.com/aida-public/AB6AXuDUyqd5Rv8XXtsEoFrN2l5AH9rCs1xn3SCKT4KIBspgv-df1cvLo6LusDbsfnnBZLZNyaVymWDtIQLSzl6mE55AA5VD2zeSIMctsOjdsaarWKp3j2IAWonGrJyTX82DzJUeEkyfd6LzznyA790GTv1z6cq87_jLru8BtqDOghDWEDDcwiF1DpRaPnSUL22L2taKPsAxYaGMGEd3sGV3JquFZ6lmNHzF2h8vPonl2OUDEnYIHfrw8lc58nOE1gBaGDGJDjVr-Sz9ouqP
asset-55.jpg	https://lh3.googleusercontent.com/aida-public/AB6AXuDD51QYNOmKSS5mqL38Tqyn6usTXPYSHmSRKEdMOTJeuDh3nGkC5SeT6fue6DAanQSVm3entOMlUeEYDYRYrTaQRp1uc-1YiCWtRP6cRfG9abQMu4DMt6VgemSlh7gzBfrCV-kmO6-qAKydffh9l7rfnW2T1J2G1VbFuCayK4TOrQu5oq8mTmw_MJaYeA3LnhURzGLU1cGEtuv7wBFXFHA1Z_XeFuUsnwl_Ly1KlVhZ3CFSvXu84T2YSKWG2GarrKjhp8jwArVaeVU_
asset-56.jpg	https://lh3.googleusercontent.com/aida-public/AB6AXuBrYCgUJ2IVyaLc00J41OU69StDfV1t9Z2TU33qG0IWtzLSCY1sd7SO6h9oqM-uvGJW_Ltgnb1ogYMCZ-05ngpyNe0LYQZT7Js4r_F9DU6IZXk5XuEykZ6JG1Ownd075gWDdPCBWyTbCJ6aMyPqwx4s8LKaO5NCBetmjzuJiue1krbrQlVBR03ZSaDAY0snCFAhXcKr50vsqvNwOCMV0Rv10E-TFOT1vXOrr2TTl5WmxAgl3R-el--KUTd_hf3QI1Mgz2_ze2dI5u0E
asset-57.jpg	https://lh3.googleusercontent.com/aida-public/AB6AXuCBrhM-1DctcVvOcEKgDDJESn5iIYolS-wrPzCtys6ZRc15VeM4o6nIFON_UGG_L3Hg-7ecBKu-AuY2sGSc6y9FzrO8g__kntBIdhea8n2Qz2PP-l555UVGxEy5acdvwJRG0CJLt5Bs7u98ETitumCFzxZa8fy7RJj6r70Dx-MYYHQYN4sUg_9pJOAXzRFZdP95SrxMnJFeIjeJSfPjSanWuO6AgPPMf9konYblva3o-L8CSUA6E-iJOuawhXq9IFPrawjUhMA35_t7
asset-58.jpg	https://lh3.googleusercontent.com/aida/ADBb0ugbEw6W7Lxhu7O04cMqlo3SsgsRzxYBaRS-9JSc3XbT7a5H0z40b8dmYIs_0Q-OiMhJ_N4VyxsfyLhWj5dNV68bnaQvkCuABwXwPUzXD5uNgcTrqMQeXBmZC71nvWSeVImE2eqt9CrTMq1wvlePi-G3y5WDOhPga-E96NjBoa9yLT54bJTiKHiosdDR3PONjy6qUjS0awQ9URUw0ZCPQ1_dAyxUrjhZDKKtaF6737fLBm85iDAqQirmFNAM
asset-59.jpg	https://lh3.googleusercontent.com/aida/ADBb0uiJD2VJjpcnBHqFdPm-aTDVWZO7LiW8Rb5QXG4XfJh1YmsNQMVUcWckb3WEYmNeGHTZkWiY0Mujn42LzSJ0hjwz-Vu5a2Svm49vIFGhxObFh5G8m6hoFlhrTmI6cXykvdHWCqXFzE4Mg7clQnwPEcUlGNA-6H3nnedr5sI78SFeBwrwfs_gmDZVK671dbGiTFyX4_swaeuVSM-J9G14eBmImmsbK0hT1_NMgJzcIq95BXl2U7b1NQ0gy30
asset-60.jpg	https://lh3.googleusercontent.com/aida/ADBb0uiBkiBiRW-yo_O3kGUe8bbiw_3SOqesbE0fT6c54Qz16Cz2Aoz9KkzrlxGN1Zm7byd09unzs3Zz7Cc8DJS0VFN5ENdJjas_Ma2upN9CWoK89y5MZF_WxaN8FDHkbNQoSrNzDusxHbt40JuATUBzO9cz9UN6Gg0722G4ECqOJPyY0deV1Yhvk7gGeUPtkP3xtD_1t1V6RZJMcaSS0j2Wx9jGquoDryEWIc4bYwlktOwyWSj58qTSytf-6pWQ
asset-61.jpg	https://lh3.googleusercontent.com/aida/ADBb0ujY4HIeC8kEct03xF12969HKVkfV7l7MS9o17LV6sNp4qYX_GtTV5UUJHBVv1IN8KmqVVXwi13dMc4qd7S1X0BwOlmVWQenfoWfObzW6TdQYmgBrG1uVv_UqUqImSkcEb9KYQqkWH3KMglulphWLgx_BI4VIzTfPpiOZrjNi-AoICloNwaBi0E7-Jfjz0R7xw2JYUgfogaMArDjSv6fzuhr_tRY-T1lVzIGZdK2OFUDqBQDCsvRBJ259d8
asset-62.jpg	https://lh3.googleusercontent.com/aida/AP1WRLvHb0tzAfhvykBcKe7AJ8BFph4oEwbRC8tZW1YrxL1fUgMy7eDLP7CEtzKGzvVlOqfaGQQri3R8roM3p99-9m5d0XSRAwOc3oIx5IXPOmTlH49ECiIpnUc89WO5BLBaE3LzeX2nVdwSD3RtLm_-1NdHQHEUhXyVMGPGfJV89-qXPqMJEvuzkYLj4w9SfmfFyfKvs8o_FMLyXYRKHmBAY2O_BVTR7bwLZKLQjmGQEHq5LuLLChn807xoJFd8
asset-63.jpg	https://lh3.googleusercontent.com/aida/ADBb0uhQJov4OtQ8cwtvOYaMmHc4xnjd-6iOvMQqp-559G8URwFtujmeh_1S5o8bzCH6s8L0eL1mHd7SEAiN9QqS_3Hp_-FXIoN826H10WwAjvTMk3_M9LNE6wa6ln6aeeAK7vHuebIJA1B9Y2qVCDSY37wupLC-1sFA8R3D--6w1qRdYUTyiIKq8pMLtN3VAU2O-t5L8BXPHIPVdaXX0cXFsDiS8lAzrJRf74m_SzFtNkwO8epfLyw9XbWDg8I
asset-64.jpg	https://lh3.googleusercontent.com/aida/ADBb0ujd6F4b2j1ZoIStX9jYpAHy4pFEQyRWc9H1tJZSW1XUogF-k3F5x1iL2P_JZwkC4-0dahAXcyCdLuZ2WSJoRdG4Gk6rA7c-Ay3XNpE7xFZ76fZIgKXZZc5h6opFf30PTzEMRO9HtUyhZtiE1Y7gT8ElvcmTx2fRV--4ZPGQNqFGqAu9siKDeYsJ-QHnVjN60dbZ_bYcqVxc4Ac6BShzK0gYq2H7t1R1vAymUKE4u8PM8EewbKMFCn21WYEM
asset-65.jpg	https://lh3.googleusercontent.com/aida/ADBb0ujgCW2ch0jVSdGRLejEuxV_grNF2fjk808qcJR6o3sUMLRCB-fWW3s9_95GllEfNY0o-sEY3TdNaazRUkePKe54s6kmYU42upVvyg2keGgBI-F6lfq8u9hpy-AEuYgbWCWC0bZ0mo3h0sapvciqO9P0PP-DQLk9kepGGN4bZVU6smbwaBgNeMulyNQWVjaRUoyQiR9LJYBG6ZboFEOzDShy3SbxKNlySrM_x7rzXr1Z1ufdCnblUZAGftM
asset-66.jpg	https://lh3.googleusercontent.com/aida/AP1WRLvxpXMoSZn6gMdCoz0Sz2-FAoOCNW-0LBChPyKkmown8OAXTdcKY_YQvfhoQsum_IvSCNLWmgAKcq1djddC-gi6PLaIsDkAYITXmGoqEDB-gYKesFavCtvWarrbrNmLEFoAoy67qHqtzxGfr_ScZ-SYOvcEtKR40gBFOrgw-TBhV7DpcG_FQm6X-VtlkQvJ90HWI_ki8K_Hd22EatHTj_W7OhdK8pSsYv2-qGXpzYFyBBRyUaunVm8Z56b2
asset-67.jpg	https://lh3.googleusercontent.com/aida/ADBb0uiTTQ_l4JCYQfSH3KbGKGhdj34DxNyqfp1iR6Wj7PgzycA73bNgEMU9ilZeC9jRGn6Y-zv4qreWNDM9c3OIyJMb4T8tp4OrSj3XVOvwL3pNIv7f4bcuLT4uA5QiwhSw_0JDyZVcFbtQl0n8rlOMYnjZ_HC0E3M7vsbkO63C_2g3CXv3glNczVRlLEeHgTYbh3MewiyUagHPY92vlT2RIsjpeDvE7rNwVKIu4gqloMZATDi68nfrUZRlSLA
asset-68.jpg	https://lh3.googleusercontent.com/aida/AP1WRLutz2pNgUb7cyq33nYMrBrdN9aY90DRbZZiHLvXYSXfNS8Lpbwst11wv4K33iL5S7_F7UD54e5aH33zX4V24AACacx2Nj70wj2CldED2wyLnj6VGeqtGLCsOGo1VQa-7Pkge-B0N1D6nflvD1A7srMOKTBqGCAs1rZCnTI_fuhf8p5VGMfjR-FviZMG3tto0rLykgyM4X20LFqqXjDVqsIbQfMkxABpIBleFrqajcj4X9BBYOqae19nDXIc
asset-69.jpg	https://lh3.googleusercontent.com/aida/AP1WRLsOjT0KT4smC9nhQPwgdQMcSNHa-e3uNrvtmWSXxTaQA95zX3WeO02LbCSYWnS25TmeDRn6NOAVMleeFXspA-H-nAvR6hTEtUxh9MOcjyCud9XexRpdPhmpEfa7tJ1TVfXsl5iic6EEakQSjBTxF0oVflnLTil4BOZb1KtJEdpzuoaqkKGm2l9k6J_RtpgjQsSrdj71tZZH990FuTuLstWVV5CSLokt09qh6RLuPf-p7HgsI5riXChcTVn8
asset-70.jpg	https://lh3.googleusercontent.com/aida/ADBb0ugfEegTCpkEmQQgsqRlkzi1K-r7hk-qzMivDpQ_zV2sEg2XwTS_0yqBAjPbzggwrCRfdBHWgS_z1z7zvjOhjWD3bBeChTOoviFnZQS-cEgP6CN2KyzzAxrCokZHRl4x_HPBcIej2VhBgS7BjPZvlBB_KS3kLizRK3X3KR9mjH93Ech7PhiXco8q1LhM6v0g2TJiudnsHRshW5Y7KW44P8TjeJTGMXVqS98YEGzQ-VRFP2D1rrsSHTbDhpX9
